肖申克的救赎,弗兰克·德拉邦特 Frank Darabont,犯罪/剧情,美国,1994,9.7,2868296人评价,https://movie.douban.com/subject/1292052/
霸王别姬,陈凯歌 Kaige Chen,剧情/爱情/同性,中国大陆/中国香港,1993,9.6,2119589人评价,https://movie.douban.com/subject/1291546/
阿甘正传,罗伯特·泽米吉斯 Robert Zemeckis,剧情/爱情,美国,1994,9.5,2141007人评价,https://movie.douban.com/subject/1292720/
泰坦尼克号,詹姆斯·卡梅隆 James Cameron,剧情/爱情/灾难,美国/墨西哥,1997,9.5,2166605人评价,https://movie.douban.com/subject/1292722/
这个杀手不太冷,吕克·贝松 Luc Besson,剧情/动作/犯罪,法国/美国,1994,9.4,2277261人评价,https://movie.douban.com/subject/1295644/
千与千寻,宫崎骏 Hayao Miyazaki,剧情/动画/奇幻,日本,2001,9.4,2222007人评价,https://movie.douban.com/subject/1291561/
美丽人生,罗伯托·贝尼尼 Roberto Benigni,剧情/喜剧/爱情/战争,意大利,1997,9.6,1314958人评价,https://movie.douban.com/subject/1292063/
辛德勒的名单,史蒂文·斯皮尔伯格 Steven Spielberg,剧情/历史/战争,美国,1993,9.6,1095722人评价,https://movie.douban.com/subject/1295124/
星际穿越,克里斯托弗·诺兰 Christopher Nolan,剧情/科幻/冒险,美国/英国/加拿大,2014,9.4,1811305人评价,https://movie.douban.com/subject/1889243/
盗梦空间,克里斯托弗·诺兰 Christopher Nolan,剧情/科幻/悬疑/冒险,美国/英国,2010,9.4,2041178人评价,https://movie.douban.com/subject/3541415/
楚门的世界,彼得·威尔 Peter Weir,剧情/科幻,美国,1998,9.4,1684853人评价,https://movie.douban.com/subject/1292064/
忠犬八公的故事,莱塞·霍尔斯道姆 Lasse Hallström,剧情,美国/英国,2009,9.4,1388517人评价,https://movie.douban.com/subject/3011091/
海上钢琴师,朱塞佩·托纳多雷 Giuseppe Tornatore,剧情/音乐,意大利,1998,9.3,1663453人评价,https://movie.douban.com/subject/1292001/
三傻大闹宝莱坞,拉库马·希拉尼 Rajkumar Hirani,剧情/喜剧/爱情/歌舞,印度,2009,9.2,1843116人评价,https://movie.douban.com/subject/3793023/
放牛班的春天,克里斯托夫·巴拉蒂 Christophe Barratier,剧情/音乐,法国/瑞士/德国,2004,9.3,1298869人评价,https://movie.douban.com/subject/1291549/
机器人总动员,安德鲁·斯坦顿 Andrew Stanton,科幻/动画/冒险,美国,2008,9.3,1304308人评价,https://movie.douban.com/subject/2131459/
无间道,刘伟强 / 麦兆辉,剧情/犯罪/惊悚,中国香港,2002,9.3,1348552人评价,https://movie.douban.com/subject/1307914/
疯狂动物城,拜伦·霍华德 Byron Howard / 瑞奇·摩尔 Rich Moore,喜剧/动画/冒险,美国,2016,9.2,1910514人评价,https://movie.douban.com/subject/25662329/
控方证人,比利·怀尔德 Billy Wilder,剧情/犯罪/悬疑,美国,1957,9.6,545920人评价,https://movie.douban.com/subject/1296141/
大话西游之大圣娶亲,刘镇伟 Jeffrey Lau,喜剧/爱情/奇幻/古装,中国香港/中国大陆,1995,9.2,1519781人评价,https://movie.douban.com/subject/1292213/
熔炉,黄东赫 Dong-hyuk Hwang,剧情,韩国,2011,9.4,923444人评价,https://movie.douban.com/subject/5912992/
教父,弗朗西斯·福特·科波拉 Francis Ford Coppola,剧情/犯罪,美国,1972,9.3,957090人评价,https://movie.douban.com/subject/1291841/
触不可及,奥利维·那卡什 Olivier Nakache / 艾力克·托兰达 Eric Toledano,剧情/喜剧,法国,2011,9.3,1100736人评价,https://movie.douban.com/subject/6786002/
当幸福来敲门,加布里尔·穆奇诺 Gabriele Muccino,剧情/传记/家庭,美国,2006,9.2,1506727人评价,https://movie.douban.com/subject/1849031/
怦然心动,罗伯·莱纳 Rob Reiner,剧情/喜剧/爱情,美国,2010,9.1,1815567人评价,https://movie.douban.com/subject/3319755/
龙猫,宫崎骏 Hayao Miyazaki,动画/奇幻/冒险,日本,1988,9.2,1254369人评价,https://movie.douban.com/subject/1291560/
末代皇帝,贝纳尔多·贝托鲁奇 Bernardo Bertolucci,剧情/传记/历史,英国/意大利/中国大陆/法国,1987,9.3,873082人评价,https://movie.douban.com/subject/1293172/
寻梦环游记,李·昂克里奇 Lee Unkrich / 阿德里安·莫利纳 Adrian Molina,喜剧/动画/奇幻/音乐,美国,2017,9.1,1658243人评价,https://movie.douban.com/subject/20495023/
活着,张艺谋 Yimou Zhang,剧情/历史/家庭,中国大陆/中国香港,1994,9.3,834910人评价,https://movie.douban.com/subject/1292365/
蝙蝠侠：黑暗骑士,克里斯托弗·诺兰 Christopher Nolan,剧情/动作/科幻/犯罪/惊悚,美国/英国,2008,9.2,1045087人评价,https://movie.douban.com/subject/1851857/
哈利·波特与魔法石,Chris Columbus,奇幻/冒险,美国/英国,2001,9.2,1174626人评价,https://movie.douban.com/subject/1295038/
指环王3：王者无敌,彼得·杰克逊 Peter Jackson,剧情/动作/奇幻/冒险,美国/新西兰,2003,9.3,794595人评价,https://movie.douban.com/subject/1291552/
乱世佳人,维克多·弗莱明 Victor Fleming / 乔治·库克 George Cukor,剧情/历史/爱情/战争,美国,1939,9.3,684673人评价,https://movie.douban.com/subject/1300267/
我不是药神,文牧野 Muye Wen,剧情/喜剧,中国大陆,2018,9.0,2080689人评价,https://movie.douban.com/subject/26752088/
飞屋环游记,彼特·道格特 Pete Docter / 鲍勃·彼德森 Bob Peterson,剧情/喜剧/动画/冒险,美国,2009,9.1,1311157人评价,https://movie.douban.com/subject/2129039/
素媛,李濬益 Jun-ik Lee,剧情,韩国,2013,9.3,679821人评价,https://movie.douban.com/subject/21937452/
哈尔的移动城堡,宫崎骏 Hayao Miyazaki,动画/奇幻/冒险,日本,2004,9.1,1013043人评价,https://movie.douban.com/subject/1308807/
十二怒汉,Sidney Lumet,剧情,美国,1957,9.4,484202人评价,https://movie.douban.com/subject/1293182/
何以为家,娜丁·拉巴基 Nadine Labaki,剧情,黎巴嫩/美国/法国/塞浦路斯/卡塔尔/英国,2018,9.1,1034359人评价,https://movie.douban.com/subject/30170448/
摔跤吧！爸爸,涅提·蒂瓦里 Nitesh Tiwari,剧情/传记/运动/家庭,印度,2016,9.0,1555156人评价,https://movie.douban.com/subject/26387939/
让子弹飞,姜文 Wen Jiang,剧情/喜剧/动作/西部,中国大陆/中国香港,2010,9.0,1681899人评价,https://movie.douban.com/subject/3742360/
鬼子来了,姜文 Wen Jiang,剧情/喜剧,中国大陆,2000,9.3,620633人评价,https://movie.douban.com/subject/1291858/
猫鼠游戏,史蒂文·斯皮尔伯格 Steven Spielberg,传记/犯罪/剧情,美国/加拿大,2002,9.1,1010346人评价,https://movie.douban.com/subject/1305487/
少年派的奇幻漂流,李安 Ang Lee,剧情/奇幻/冒险,美国/中国台湾/英国/加拿大,2012,9.1,1337711人评价,https://movie.douban.com/subject/1929463/
天空之城,宫崎骏 Hayao Miyazaki,动画/奇幻/冒险,日本,1986,9.2,854752人评价,https://movie.douban.com/subject/1291583/
海蒂和爷爷,阿兰·葛斯彭纳 Alain Gsponer,剧情/冒险/家庭,德国/瑞士,2015,9.3,600987人评价,https://movie.douban.com/subject/25958717/
钢琴家,罗曼·波兰斯基 Roman Polanski,剧情/传记/战争/音乐,英国/法国/波兰/德国,2002,9.3,630179人评价,https://movie.douban.com/subject/1296736/
大话西游之月光宝盒,刘镇伟 Jeffrey Lau,喜剧/爱情/奇幻/古装,中国香港/中国大陆,1995,9.0,1210281人评价,https://movie.douban.com/subject/1299398/
指环王2：双塔奇兵,彼得·杰克逊 Peter Jackson,剧情/动作/奇幻/冒险,美国/新西兰,2002,9.2,744602人评价,https://movie.douban.com/subject/1291572/
闻香识女人,马丁·布莱斯 Martin Brest,剧情,美国,1992,9.1,874779人评价,https://movie.douban.com/subject/1298624/
罗马假日,威廉·惠勒 William Wyler,喜剧/剧情/爱情,美国,1953,9.1,942278人评价,https://movie.douban.com/subject/1293839/
天堂电影院,朱塞佩·托纳多雷 Giuseppe Tornatore,剧情/爱情,意大利/法国,1988,9.2,674119人评价,https://movie.douban.com/subject/1291828/
死亡诗社,彼得·威尔 Peter Weir,剧情,美国,1989,9.2,716322人评价,https://movie.douban.com/subject/1291548/
绿皮书,彼得·法雷里 Peter Farrelly,剧情/喜剧/传记/音乐,美国/中国大陆,2018,8.9,1630052人评价,https://movie.douban.com/subject/27060077/
大闹天宫,万籁鸣 Laiming Wan,1978(中国大陆),1964(中国大陆),1961(中国大陆),9.4,432043人评价,https://movie.douban.com/subject/1418019/
指环王1：护戒使者,彼得·杰克逊 Peter Jackson,剧情/动作/奇幻/冒险,新西兰/美国,2001,9.1,837663人评价,https://movie.douban.com/subject/1291571/
黑客帝国,安迪·沃卓斯基 Andy Wachowski / 拉娜·沃卓斯基 Lana Wachowski,动作/科幻,美国,1999,9.1,829930人评价,https://movie.douban.com/subject/1291843/
教父2,弗朗西斯·福特·科波拉 Francis Ford Coppola,剧情/犯罪,美国,1974,9.3,546099人评价,https://movie.douban.com/subject/1299131/
狮子王,Roger Allers / 罗伯·明可夫 Rob Minkoff,动画/冒险/歌舞,美国,1994,9.1,830104人评价,https://movie.douban.com/subject/1301753/
辩护人,杨宇硕 Woo-seok Yang,剧情,韩国,2013,9.2,584198人评价,https://movie.douban.com/subject/21937445/
饮食男女,李安 Ang Lee,剧情/家庭,中国台湾/美国,1994,9.2,614382人评价,https://movie.douban.com/subject/1291818/
搏击俱乐部,大卫·芬奇 David Fincher,剧情/动作/悬疑/惊悚,美国,1999,9.0,838132人评价,https://movie.douban.com/subject/1292000/
美丽心灵,朗·霍华德 Ron Howard,传记/剧情,美国,2001,9.1,762180人评价,https://movie.douban.com/subject/1306029/
本杰明·巴顿奇事,大卫·芬奇 David Fincher,剧情/爱情/奇幻,美国,2008,9.0,972623人评价,https://movie.douban.com/subject/1485260/
穿条纹睡衣的男孩,马克·赫尔曼 Mark Herman,剧情/战争,英国/美国,2008,9.2,557717人评价,https://movie.douban.com/subject/3008247/
窃听风暴,弗洛里安·亨克尔·冯·多纳斯马尔克 Florian Henckel von Donnersmarck  &n...,剧情/悬疑,德国,2006,9.2,559305人评价,https://movie.douban.com/subject/1900841/
情书,岩井俊二 Shunji Iwai,剧情/爱情,日本,1995,8.9,1100608人评价,https://movie.douban.com/subject/1292220/
两杆大烟枪,盖·里奇 Guy Ritchie,剧情/喜剧/犯罪,英国,1998,9.1,589917人评价,https://movie.douban.com/subject/1293350/
西西里的美丽传说,朱塞佩·托纳多雷 Giuseppe Tornatore,剧情/战争/情色,意大利/美国,2000,8.9,966567人评价,https://movie.douban.com/subject/1292402/
音乐之声,罗伯特·怀斯 Robert Wise,剧情/传记/爱情/歌舞,美国,1965,9.1,595361人评价,https://movie.douban.com/subject/1294408/
看不见的客人,奥里奥尔·保罗 Oriol Paulo,剧情/犯罪/悬疑/惊悚,西班牙,2016,8.8,1243586人评价,https://movie.douban.com/subject/26580232/
阿凡达,詹姆斯·卡梅隆 James Cameron,动作/科幻/冒险,美国,2009,8.8,1408220人评价,https://movie.douban.com/subject/1652587/
拯救大兵瑞恩,史蒂文·斯皮尔伯格 Steven Spielberg,剧情/战争,美国,1998,9.1,640560人评价,https://movie.douban.com/subject/1292849/
小鞋子,马基德·马基迪 Majid Majidi,剧情/儿童/家庭,伊朗,1997,9.2,407197人评价,https://movie.douban.com/subject/1303021/
飞越疯人院,米洛斯·福尔曼 Miloš Forman,剧情,美国,1975,9.1,541427人评价,https://movie.douban.com/subject/1292224/
哈利·波特与死亡圣器(下),大卫·叶茨 David Yates,奇幻/冒险,美国/英国,2011,9.0,820777人评价,https://movie.douban.com/subject/3011235/
沉默的羔羊,乔纳森·戴米 Jonathan Demme,剧情/犯罪/惊悚,美国,1991,8.9,879024人评价,https://movie.douban.com/subject/1293544/
布达佩斯大饭店,韦斯·安德森 Wes Anderson,剧情/喜剧/冒险,美国/德国/英国,2014,8.9,920401人评价,https://movie.douban.com/subject/11525673/
禁闭岛,Martin Scorsese,剧情/悬疑/惊悚,美国,2010,8.9,963785人评价,https://movie.douban.com/subject/2334904/
蝴蝶效应,埃里克·布雷斯 Eric Bress / J·麦基·格鲁伯 J. Mackye Gruber,剧情/悬疑/科幻/惊悚,美国/加拿大,2004,8.9,926893人评价,https://movie.douban.com/subject/1292343/
致命魔术,克里斯托弗·诺兰 Christopher Nolan,剧情/悬疑/惊悚,英国/美国,2006,8.9,847286人评价,https://movie.douban.com/subject/1780330/
功夫,周星驰 Stephen Chow,动作/喜剧/犯罪/奇幻,中国大陆/中国香港,2004,8.8,1114723人评价,https://movie.douban.com/subject/1291543/
心灵捕手,格斯·范·桑特 Gus Van Sant,剧情,美国,1997,8.9,704958人评价,https://movie.douban.com/subject/1292656/
海豚湾,路易·西霍尤斯 Louie Psihoyos,纪录片,美国,2009,9.3,354750人评价,https://movie.douban.com/subject/3442220/
哈利·波特与阿兹卡班的囚徒,Alfonso Cuarón,奇幻/冒险,英国/美国,2004,8.9,717539人评价,https://movie.douban.com/subject/1291544/
低俗小说,昆汀·塔伦蒂诺 Quentin Tarantino,剧情/喜剧/犯罪,美国,1994,8.9,825762人评价,https://movie.douban.com/subject/1291832/
春光乍泄,王家卫 Kar Wai Wong,剧情/爱情/同性,中国香港/日本/韩国,1997,9.0,626601人评价,https://movie.douban.com/subject/1292679/
美国往事,赛尔乔·莱翁内 Sergio Leone,犯罪/剧情,美国/意大利,1984,9.2,407613人评价,https://movie.douban.com/subject/1292262/
超脱,托尼·凯耶 Tony Kaye,剧情,美国,2011,9.0,590163人评价,https://movie.douban.com/subject/5322596/
摩登时代,查理·卓别林 Charles Chaplin,剧情/喜剧/爱情,美国,1936,9.3,297346人评价,https://movie.douban.com/subject/1294371/
喜剧之王,周星驰 Stephen Chow / 李力持 Lik-Chi Lee,喜剧/剧情/爱情,中国香港,1999,8.8,959986人评价,https://movie.douban.com/subject/1302425/
致命ID,詹姆斯·曼高德 James Mangold,剧情/悬疑/惊悚,美国,2003,8.9,814462人评价,https://movie.douban.com/subject/1297192/
杀人回忆,奉俊昊 Joon-ho Bong,剧情/动作/犯罪/悬疑/惊悚,韩国,2003,8.9,704852人评价,https://movie.douban.com/subject/1300299/
七宗罪,大卫·芬奇 David Fincher,剧情/犯罪/悬疑/惊悚,美国,1995,8.8,933959人评价,https://movie.douban.com/subject/1292223/
红辣椒,今敏 Satoshi Kon,动画/悬疑/科幻/惊悚,日本,2006,9.1,457459人评价,https://movie.douban.com/subject/1865703/
加勒比海盗,戈尔·维宾斯基 Gore Verbinski,动作/冒险/奇幻,美国,2003,8.8,848472人评价,https://movie.douban.com/subject/1298070/
哈利·波特与密室,Chris Columbus,奇幻/冒险,英国/美国,2002,8.9,744942人评价,https://movie.douban.com/subject/1296996/
狩猎,托马斯·温特伯格 Thomas Vinterberg,剧情,丹麦/瑞典,2012,9.1,385201人评价,https://movie.douban.com/subject/6985810/
一一,杨德昌 Edward Yang,剧情/爱情/家庭,中国台湾/日本,2000,9.1,387963人评价,https://movie.douban.com/subject/1292434/
7号房的礼物,李焕庆 Hwan-kyeong Lee,剧情/喜剧/家庭,韩国,2013,8.9,551946人评价,https://movie.douban.com/subject/10777687/
被嫌弃的松子的一生,中岛哲也 Tetsuya Nakashima,剧情/歌舞,日本,2006,8.9,698008人评价,https://movie.douban.com/subject/1787291/
唐伯虎点秋香,李力持 Lik-Chi Lee,喜剧/爱情/古装,中国香港,1993,8.7,1067321人评价,https://movie.douban.com/subject/1306249/
请以你的名字呼唤我,卢卡·瓜达尼诺 Luca Guadagnino,剧情/爱情/同性,意大利/法国/巴西/美国,2017,8.9,714130人评价,https://movie.douban.com/subject/26799731/
断背山,李安 Ang Lee,剧情/爱情/同性/家庭,美国/加拿大,2005,8.8,701539人评价,https://movie.douban.com/subject/1418834/
剪刀手爱德华,蒂姆·波顿 Tim Burton,剧情/奇幻/爱情,美国,1990,8.7,1026310人评价,https://movie.douban.com/subject/1292370/
入殓师,泷田洋二郎 Yôjirô Takita,剧情,日本,2008,8.9,659097人评价,https://movie.douban.com/subject/2149806/
爱在黎明破晓前,理查德·林克莱特 Richard Linklater,剧情/爱情,美国/奥地利/瑞士,1995,8.8,674465人评价,https://movie.douban.com/subject/1296339/
勇敢的心,梅尔·吉布森 Mel Gibson,动作/传记/剧情/历史/战争,美国,1995,8.9,555273人评价,https://movie.douban.com/subject/1294639/
第六感,M·奈特·沙马兰 M. Night Shyamalan,剧情/悬疑/惊悚,美国,1999,8.9,550179人评价,https://movie.douban.com/subject/1297630/
蝙蝠侠：黑暗骑士崛起,克里斯托弗·诺兰 Christopher Nolan,剧情/动作/科幻/犯罪/惊悚,美国/英国,2012,8.8,711317人评价,https://movie.douban.com/subject/3395373/
重庆森林,王家卫 Kar Wai Wong,剧情/爱情,中国香港,1994,8.8,802249人评价,https://movie.douban.com/subject/1291999/
幽灵公主,宫崎骏 Hayao Miyazaki,动画/奇幻/冒险,日本,1997,8.9,518803人评价,https://movie.douban.com/subject/1297359/
超能陆战队,唐·霍尔 Don Hall / 克里斯·威廉姆斯 Chris Williams,喜剧/动作/科幻/动画/冒险,美国,2014,8.7,1000508人评价,https://movie.douban.com/subject/11026735/
爱在日落黄昏时,理查德·林克莱特 Richard Linklater,剧情/爱情,美国/法国,2004,8.9,553437人评价,https://movie.douban.com/subject/1291990/
菊次郎的夏天,北野武 Takeshi Kitano,剧情/喜剧,日本,1999,8.9,589698人评价,https://movie.douban.com/subject/1293359/
甜蜜蜜,陈可辛 Peter Chan,剧情/爱情,中国香港,1996,8.9,544880人评价,https://movie.douban.com/subject/1305164/
天使爱美丽,让-皮埃尔·热内 Jean-Pierre Jeunet,剧情/喜剧/爱情,法国/德国,2001,8.7,949659人评价,https://movie.douban.com/subject/1292215/
阳光灿烂的日子,姜文 Wen Jiang,剧情/爱情,中国大陆/中国香港,1994,8.9,608800人评价,https://movie.douban.com/subject/1291875/
小森林 夏秋篇,森淳一 Junichi Mori,剧情,日本,2014,9.0,421770人评价,https://movie.douban.com/subject/25814705/
借东西的小人阿莉埃蒂,米林宏昌 Hiromasa Yonebayashi,动画/奇幻/冒险,日本,2010,8.9,547320人评价,https://movie.douban.com/subject/4202302/
完美的世界,克林特·伊斯特伍德 Clint Eastwood,剧情/犯罪,美国,1993,9.1,311442人评价,https://movie.douban.com/subject/1300992/
无人知晓,是枝裕和 Hirokazu Koreeda,剧情,日本,2004,9.1,315770人评价,https://movie.douban.com/subject/1292337/
消失的爱人,大卫·芬奇 David Fincher,剧情/犯罪/悬疑/惊悚,美国,2014,8.7,923643人评价,https://movie.douban.com/subject/21318488/
倩女幽魂,程小东 Siu-Tung Ching,爱情/奇幻/武侠/古装,中国香港,1987,8.8,730171人评价,https://movie.douban.com/subject/1297447/
寄生虫,奉俊昊 Joon-ho Bong,剧情,韩国,2019,8.8,1355270人评价,https://movie.douban.com/subject/27010768/
时空恋旅人,理查德·柯蒂斯 Richard Curtis,喜剧/爱情/奇幻,英国,2013,8.8,660054人评价,https://movie.douban.com/subject/10577869/
侧耳倾听,近藤喜文 Yoshifumi Kondo,剧情/爱情/动画,日本,1995,8.9,457775人评价,https://movie.douban.com/subject/1297052/
小森林 冬春篇,森淳一 Junichi Mori,剧情,日本,2015,9.0,376431人评价,https://movie.douban.com/subject/25814707/
幸福终点站,史蒂文·斯皮尔伯格 Steven Spielberg,喜剧/剧情/爱情,美国,2004,8.8,563363人评价,https://movie.douban.com/subject/1292274/
驯龙高手,迪恩·德布洛斯 Dean DeBlois / 克里斯·桑德斯 Chris Sanders,动画/奇幻/冒险,美国,2010,8.8,748427人评价,https://movie.douban.com/subject/2353023/
教父3,弗朗西斯·福特·科波拉 Francis Ford Coppola,剧情/犯罪,美国,1990,9.0,369717人评价,https://movie.douban.com/subject/1294240/
一个叫欧维的男人决定去死,汉内斯·赫尔姆 Hannes Holm,剧情,瑞典,2015,8.9,474379人评价,https://movie.douban.com/subject/26628357/
未麻的部屋,今敏 Satoshi Kon,动画/奇幻/惊悚,日本,1997,9.1,327619人评价,https://movie.douban.com/subject/1395091/
萤火之森,大森贵弘 Takahiro Omori,剧情/爱情/动画/奇幻,日本,2011,8.9,532473人评价,https://movie.douban.com/subject/5989818/
怪兽电力公司,彼特·道格特 Pete Docter / 大卫·斯沃曼 David Silverman,儿童/喜剧/动画/奇幻/冒险,美国,2001,8.8,661836人评价,https://movie.douban.com/subject/1291579/
哈利·波特与火焰杯,迈克·内威尔 Mike Newell,悬疑/奇幻/冒险,英国/美国,2005,8.8,649642人评价,https://movie.douban.com/subject/1309055/
傲慢与偏见,乔·怀特 Joe Wright,剧情/爱情,法国/英国/美国,2005,8.7,790629人评价,https://movie.douban.com/subject/1418200/
玩具总动员3,李·昂克里奇 Lee Unkrich,喜剧/动画/奇幻/冒险,美国,2010,8.9,508999人评价,https://movie.douban.com/subject/1858711/
新世界,朴勋政 Hoon-jung Park,剧情/犯罪,韩国,2013,8.9,427437人评价,https://movie.douban.com/subject/10437779/
釜山行,延尚昊 Sang-ho Yeon,动作/惊悚/灾难,韩国,2016,8.6,1186453人评价,https://movie.douban.com/subject/25986180/
神偷奶爸,皮艾尔·柯芬 Pierre Coffin / 克里斯·雷纳德 Chris Renaud,喜剧/动画/冒险,美国/法国,2010,8.7,938742人评价,https://movie.douban.com/subject/3287562/
被解救的姜戈,昆汀·塔伦蒂诺 Quentin Tarantino,剧情/动作/西部/冒险,美国,2012,8.8,602475人评价,https://movie.douban.com/subject/6307447/
玛丽和马克思,亚当·艾略特 Adam Elliot,剧情/喜剧/动画,澳大利亚/美国,2009,9.0,419216人评价,https://movie.douban.com/subject/3072124/
告白,中岛哲也 Tetsuya Nakashima,剧情/悬疑,日本,2010,8.8,666435人评价,https://movie.douban.com/subject/4268598/
大鱼,蒂姆·波顿 Tim Burton,剧情/家庭/奇幻/冒险,美国,2003,8.8,563793人评价,https://movie.douban.com/subject/1291545/
哪吒闹海,王树忱 Shuchen Wang / 严定宪 Dingxian Yan,冒险/动画/奇幻,中国大陆,1979,9.2,256293人评价,https://movie.douban.com/subject/1307315/
射雕英雄传之东成西就,刘镇伟 Jeffrey Lau,喜剧/奇幻/武侠/古装,中国香港,1993,8.7,630470人评价,https://movie.douban.com/subject/1316510/
喜宴,李安 Ang Lee,剧情/喜剧/爱情/同性/家庭,中国台湾/美国,1993,9.0,357743人评价,https://movie.douban.com/subject/1303037/
头号玩家,史蒂文·斯皮尔伯格 Steven Spielberg,动作/科幻/冒险,美国,2018,8.7,1354964人评价,https://movie.douban.com/subject/4920389/
模仿游戏,莫滕·泰杜姆 Morten Tyldum,剧情/传记/战争/同性,英国/美国,2014,8.8,639672人评价,https://movie.douban.com/subject/10463953/
阳光姐妹淘,姜炯哲 Hyeong-Cheol Kang,剧情/喜剧,韩国,2011,8.8,586519人评价,https://movie.douban.com/subject/4917726/
茶馆,谢添 Tian Xie,剧情/历史,中国大陆,1982(中国大陆),9.6,141149人评价,https://movie.douban.com/subject/1461403/
我是山姆,杰茜·尼尔森 Jessie Nelson,剧情/家庭,美国,2001,9.0,334486人评价,https://movie.douban.com/subject/1306861/
九品芝麻官,王晶 Jing Wong,剧情/喜剧/古装,中国香港/中国大陆,1994,8.7,668805人评价,https://movie.douban.com/subject/1297518/
花样年华,王家卫 Kar Wai Wong,剧情/爱情,中国香港,2000,8.7,600014人评价,https://movie.douban.com/subject/1291557/
血战钢锯岭,梅尔·吉布森 Mel Gibson,剧情/传记/历史/战争,澳大利亚/美国,2016,8.7,776445人评价,https://movie.douban.com/subject/26325320/
恐怖直播,金秉祐 Byeong-woo Kim,剧情/犯罪/悬疑,韩国,2013,8.7,645380人评价,https://movie.douban.com/subject/21360417/
色，戒,李安 Ang Lee,剧情/爱情/情色,中国台湾/中国大陆/美国/中国香港,2007,8.7,795963人评价,https://movie.douban.com/subject/1828115/
七武士,黑泽明 Akira Kurosawa,动作/冒险/剧情,日本,1954,9.3,195682人评价,https://movie.douban.com/subject/1295399/
头脑特工队,彼特·道格特 Pete Docter / 罗纳尔多·德尔·卡门 Ronaldo Del Carmen  &nb...,喜剧/动画/冒险,美国,2015,8.8,604003人评价,https://movie.douban.com/subject/10533913/
惊魂记,阿尔弗雷德·希区柯克 Alfred Hitchcock,悬疑/惊悚/恐怖,美国,1960,9.0,289109人评价,https://movie.douban.com/subject/1293181/
黑客帝国3：矩阵革命,拉娜·沃卓斯基 Lana Wachowski / 莉莉·沃卓斯基 Lilly Wachowski,动作/科幻,美国,2003,8.8,442747人评价,https://movie.douban.com/subject/1302467/
你的名字。,新海诚 Makoto Shinkai,剧情/爱情/动画,日本,2016,8.5,1392814人评价,https://movie.douban.com/subject/26683290/
电锯惊魂,詹姆斯·温 James Wan,悬疑/惊悚/恐怖,美国,2004,8.8,526072人评价,https://movie.douban.com/subject/1417598/
三块广告牌,马丁·麦克唐纳 Martin McDonagh,剧情/犯罪,英国/美国,2017,8.7,812974人评价,https://movie.douban.com/subject/26611804/
达拉斯买家俱乐部,让-马克·瓦雷 Jean-Marc Vallée,剧情/传记/同性,美国,2013,8.8,448224人评价,https://movie.douban.com/subject/1793929/
疯狂原始人,科克·德·米科 Kirk De Micco / 克里斯·桑德斯 Chris Sanders,喜剧/动画/冒险,美国,2013,8.7,830745人评价,https://movie.douban.com/subject/1907966/
心迷宫,忻钰坤 Yukun Xin,剧情/犯罪/悬疑,中国大陆,2014,8.7,514587人评价,https://movie.douban.com/subject/25917973/
谍影重重3,保罗·格林格拉斯 Paul Greengrass,动作/悬疑/惊悚,美国/德国/法国/英国,2007,8.8,413794人评价,https://movie.douban.com/subject/1578507/
上帝之城,费尔南多·梅里尔斯 Fernando Meirelles / 卡迪亚·兰德 Kátia Lund  &nbsp...,犯罪/剧情,巴西/法国,2002,9.0,299100人评价,https://movie.douban.com/subject/1292208/
英雄本色,吴宇森 John Woo,剧情/动作/犯罪,中国香港,1986,8.6,534474人评价,https://movie.douban.com/subject/1297574/
卢旺达饭店,特瑞·乔治 Terry George,剧情/传记/历史/战争,英国/南非/意大利/美国,2004,8.9,326522人评价,https://movie.douban.com/subject/1291822/
纵横四海,吴宇森 John Woo,剧情/喜剧/动作/犯罪,中国香港,1991,8.8,420970人评价,https://movie.douban.com/subject/1295409/
风之谷,宫崎骏 Hayao Miyazaki,动画/奇幻/冒险,日本,1984,8.9,351512人评价,https://movie.douban.com/subject/1291585/
海街日记,是枝裕和 Hirokazu Koreeda,剧情/家庭,日本,2015,8.8,443422人评价,https://movie.douban.com/subject/25895901/
爱在午夜降临前,理查德·林克莱特 Richard Linklater,剧情/爱情,美国/希腊,2013,8.9,397002人评价,https://movie.douban.com/subject/10808442/
绿里奇迹,弗兰克·德拉邦特 Frank Darabont,犯罪/剧情/奇幻/悬疑,美国,1999,8.9,325423人评价,https://movie.douban.com/subject/1300374/
记忆碎片,克里斯托弗·诺兰 Christopher Nolan,犯罪/剧情/悬疑/惊悚,美国,2000,8.7,594479人评价,https://movie.douban.com/subject/1304447/
岁月神偷,罗启锐 Alex Law,剧情/家庭,中国香港/中国大陆,2010,8.7,570680人评价,https://movie.douban.com/subject/3792799/
忠犬八公物语,神山征二郎 Seijirô Kôyama,剧情,日本,1987,9.2,193918人评价,https://movie.douban.com/subject/1959195/
疯狂的石头,宁浩 Hao Ning,喜剧/犯罪,中国大陆/中国香港,2006,8.6,811806人评价,https://movie.douban.com/subject/1862151/
荒蛮故事,达米安·斯兹弗隆 Damián Szifron,剧情/喜剧/犯罪,阿根廷/西班牙,2014,8.8,439552人评价,https://movie.douban.com/subject/24750126/
雨中曲,斯坦利·多南 Stanley Donen / 吉恩·凯利 Gene Kelly,喜剧/歌舞/爱情,美国,1952,9.1,222200人评价,https://movie.douban.com/subject/1293460/
小偷家族,是枝裕和 Hirokazu Koreeda,剧情/犯罪/家庭,日本,2018,8.7,805924人评价,https://movie.douban.com/subject/27622447/
2001太空漫游,斯坦利·库布里克 Stanley Kubrick,科幻/惊悚/冒险,英国/美国,1968,8.9,323140人评价,https://movie.douban.com/subject/1292226/
小丑,托德·菲利普斯 Todd Phillips,剧情/犯罪/惊悚,美国/加拿大,2019,8.7,994439人评价,https://movie.douban.com/subject/27119724/
爆裂鼓手,达米恩·查泽雷 Damien Chazelle,剧情/音乐,美国,2014,8.7,581783人评价,https://movie.douban.com/subject/25773932/
背靠背，脸对脸,黄建新 Jianxin Huang / 杨亚洲 Yazhou Yang,剧情,中国大陆/中国香港,1994,9.5,129930人评价,https://movie.douban.com/subject/1307856/
无敌破坏王,瑞奇·莫尔 Rich Moore,喜剧/动画/奇幻/冒险,美国,2012,8.7,531127人评价,https://movie.douban.com/subject/6534248/
无间道2,刘伟强 / 麦兆辉,剧情/犯罪/惊悚,中国香港,2003,8.7,471621人评价,https://movie.douban.com/subject/1307106/
贫民窟的百万富翁,丹尼·鲍尔 Danny Boyle / 洛芙琳·坦丹 Loveleen Tandan,剧情/爱情,英国,2008,8.6,738895人评价,https://movie.douban.com/subject/2209573/
冰川时代,卡洛斯·沙尔丹哈 Carlos Saldanha / 克里斯·韦奇 Chris Wedge,喜剧/动画/冒险,美国,2002,8.6,606307人评价,https://movie.douban.com/subject/1291578/
心灵奇旅,彼特·道格特 Pete Docter / 凯普·鲍尔斯 Kemp Powers,动画/奇幻/音乐,美国,2020,8.7,966920人评价,https://movie.douban.com/subject/24733428/
东邪西毒,王家卫 Kar Wai Wong,剧情/动作/爱情/武侠/古装,中国香港/中国台湾,1994,8.6,571752人评价,https://movie.douban.com/subject/1292328/
恐怖游轮,克里斯托弗·史密斯 Christopher Smith,剧情/悬疑/惊悚,英国/澳大利亚,2009,8.5,851011人评价,https://movie.douban.com/subject/3011051/
牯岭街少年杀人事件,杨德昌 Edward Yang,剧情/犯罪,中国台湾,1991,8.9,295585人评价,https://movie.douban.com/subject/1292329/
魔女宅急便,宫崎骏 Hayao Miyazaki,动画/奇幻/冒险,日本,1989,8.7,454665人评价,https://movie.douban.com/subject/1307811/
遗愿清单,罗伯·莱纳 Rob Reiner,冒险/喜剧/剧情,美国,2007,8.7,454780人评价,https://movie.douban.com/subject/1867345/
东京教父,今敏 Satoshi Kon,剧情/喜剧/动画,日本,2003,9.0,226116人评价,https://movie.douban.com/subject/1310177/
你看起来好像很好吃,藤森雅也 Masaya Fujimori,剧情/动画/儿童,日本,2010,8.9,329788人评价,https://movie.douban.com/subject/4848115/
真爱至上,理查德·柯蒂斯 Richard Curtis,喜剧/剧情/爱情,英国/美国/法国,2003,8.6,726244人评价,https://movie.douban.com/subject/1292401/
大佛普拉斯,黄信尧 Hsin-yao Huang,剧情/喜剧,中国台湾,2017,8.7,449272人评价,https://movie.douban.com/subject/27059130/
黑天鹅,达伦·阿罗诺夫斯基 Darren Aronofsky,剧情/惊悚,美国,2010,8.6,773452人评价,https://movie.douban.com/subject/1978709/
可可西里,陆川 Chuan Lu,剧情/犯罪,中国大陆/中国香港,2004,8.9,300201人评价,https://movie.douban.com/subject/1308857/
城市之光,Charles Chaplin,喜剧/剧情/爱情,美国,1931,9.3,144272人评价,https://movie.douban.com/subject/1293908/
源代码,邓肯·琼斯 Duncan Jones,科幻/悬疑/惊悚,美国/加拿大,2011,8.5,826475人评价,https://movie.douban.com/subject/3075287/
雨人,巴瑞·莱文森 Barry Levinson,剧情,美国,1988,8.7,399941人评价,https://movie.douban.com/subject/1291870/
恋恋笔记本,尼克·卡索维茨 Nick Cassavetes,剧情/爱情,美国,2004,8.5,663039人评价,https://movie.douban.com/subject/1309163/
海边的曼彻斯特,肯尼斯·罗纳根 Kenneth Lonergan,剧情/家庭,美国,2016,8.6,529740人评价,https://movie.douban.com/subject/25980443/
初恋这件小事,普特鹏·普罗萨卡·那·萨克那卡林 Puttipong Promsaka Na Sakolnakorn / 华森·波克彭...,剧情/喜剧/爱情,泰国,2010,8.5,973415人评价,https://movie.douban.com/subject/4739952/
人工智能,史蒂文·斯皮尔伯格 Steven Spielberg,剧情/科幻,美国/英国,2001,8.7,440574人评价,https://movie.douban.com/subject/1302827/
波西米亚狂想曲,布莱恩·辛格 Bryan Singer,剧情/传记/同性/音乐,英国/美国,2018,8.6,596754人评价,https://movie.douban.com/subject/5300054/
虎口脱险,杰拉尔·乌里 Gérard Oury,喜剧/战争,法国/英国,1966,8.9,253948人评价,https://movie.douban.com/subject/1296909/
青蛇,徐克 Hark Tsui,剧情/爱情/奇幻/古装,中国香港/中国大陆,1993,8.6,520625人评价,https://movie.douban.com/subject/1303394/
终结者2：审判日,詹姆斯·卡梅隆 James Cameron,动作/科幻,美国/法国,1991,8.8,338381人评价,https://movie.douban.com/subject/1291844/
罗生门,黑泽明 Akira Kurosawa,剧情/犯罪/悬疑,日本,1950,8.8,310871人评价,https://movie.douban.com/subject/1291879/
疯狂的麦克斯4：狂暴之路,乔治·米勒 George Miller,动作/科幻/冒险,澳大利亚/美国,2015,8.7,523890人评价,https://movie.douban.com/subject/3592854/
萤火虫之墓,高畑勋 Isao Takahata,动画/剧情/战争,日本,1988,8.7,401960人评价,https://movie.douban.com/subject/1293318/
新龙门客栈,李惠民 Raymond Lee,动作/爱情/武侠/古装,中国香港/中国大陆,1992,8.7,439034人评价,https://movie.douban.com/subject/1292287/
千钧一发,安德鲁·尼科尔 Andrew Niccol,剧情/科幻/惊悚,美国,1997,8.8,294332人评价,https://movie.douban.com/subject/1300117/
崖上的波妞,宫崎骏 Hayao Miyazaki,动画/奇幻/冒险,日本,2008,8.6,489935人评价,https://movie.douban.com/subject/1959877/
无耻混蛋,昆汀·塔伦蒂诺 Quentin Tarantino,剧情/犯罪,德国/美国,2009,8.6,471509人评价,https://movie.douban.com/subject/1438652/
末路狂花,雷德利·斯科特 Ridley Scott,犯罪/剧情/惊悚,美国/英国/法国,1991,8.9,249512人评价,https://movie.douban.com/subject/1291992/
奇迹男孩,斯蒂芬·卓博斯基 Stephen Chbosky,剧情/儿童/家庭,美国/中国香港,2017,8.6,546801人评价,https://movie.douban.com/subject/26787574/
彗星来的那一夜,詹姆斯·沃德·布柯特 James Ward Byrkit,科幻/悬疑/惊悚,美国/英国,2013,8.6,571180人评价,https://movie.douban.com/subject/25807345/
二十二,郭柯 Ke Guo,纪录片,中国大陆,2015,8.7,289256人评价,https://movie.douban.com/subject/26430107/
黑客帝国2：重装上阵,拉娜·沃卓斯基 Lana Wachowski / 莉莉·沃卓斯基 Lilly Wachowski,动作/科幻,美国,2003,8.7,402152人评价,https://movie.douban.com/subject/1304141/
花束般的恋爱,土井裕泰 Nobuhiro Doi,剧情/爱情,日本,2021,8.6,607114人评价,https://movie.douban.com/subject/34874432/
爱乐之城,达米恩·查泽雷 Damien Chazelle,剧情/爱情/歌舞,美国,2016,8.4,883678人评价,https://movie.douban.com/subject/25934014/
血钻,爱德华·兹威克 Edward Zwick,剧情/惊悚/冒险,美国/德国/英国,2006,8.7,375905人评价,https://movie.douban.com/subject/1428175/
房间,伦尼·阿伯拉罕森 Lenny Abrahamson,剧情/家庭,爱尔兰/加拿大/英国/美国,2015,8.8,365254人评价,https://movie.douban.com/subject/25724855/
战争之王,安德鲁·尼科尔 Andrew Niccol,剧情/犯罪,法国/德国/美国,2005,8.7,364520人评价,https://movie.douban.com/subject/1419936/
步履不停,是枝裕和 Hirokazu Koreeda,剧情/家庭,日本,2008,8.8,276454人评价,https://movie.douban.com/subject/2222996/
魂断蓝桥,茂文·勒鲁瓦 Mervyn LeRoy,剧情/爱情/战争,美国,1940,8.8,275620人评价,https://movie.douban.com/subject/1293964/
芙蓉镇,谢晋 Jin Xie,剧情/爱情,中国大陆,1987,9.3,133632人评价,https://movie.douban.com/subject/1297880/
火星救援,雷德利·斯科特 Ridley Scott,剧情/科幻/冒险,英国/美国/匈牙利/约旦,2015,8.5,717741人评价,https://movie.douban.com/subject/25864085/
哈利·波特与死亡圣器(上),大卫·叶茨 David Yates,奇幻/冒险,英国/美国,2010,8.5,564818人评价,https://movie.douban.com/subject/2051007/
千年女优,今敏 Satoshi Kon,动画/剧情/爱情,日本,2001,8.8,263104人评价,https://movie.douban.com/subject/1307394/
谍影重重2,保罗·格林格拉斯 Paul Greengrass,动作/悬疑/惊悚,美国/德国,2004,8.7,348304人评价,https://movie.douban.com/subject/1308767/
阿飞正传,王家卫 Kar Wai Wong,犯罪/剧情/爱情,中国香港,1990,8.5,505765人评价,https://movie.douban.com/subject/1305690/
弱点,约翰·李·汉考克 John Lee Hancock,剧情/家庭/传记/运动,美国,2009,8.7,303482人评价,https://movie.douban.com/subject/3552028/
燃情岁月,爱德华·兹威克 Edward Zwick,剧情/爱情/战争/西部,美国,1994,8.8,283584人评价,https://movie.douban.com/subject/1295865/
谍影重重,道格·里曼 Doug Liman,动作/悬疑/惊悚,美国/德国/捷克,2002,8.6,420925人评价,https://movie.douban.com/subject/1304102/
朗读者,史蒂芬·戴德利 Stephen Daldry,剧情/爱情,美国/德国,2008,8.6,450085人评价,https://movie.douban.com/subject/2213597/
再次出发之纽约遇见你,约翰·卡尼 John Carney,喜剧/爱情/音乐,美国,2013,8.6,422859人评价,https://movie.douban.com/subject/6874403/
白日梦想家,本·斯蒂勒 Ben Stiller,剧情/喜剧/冒险,美国/英国,2013,8.6,464668人评价,https://movie.douban.com/subject/2133323/
哈利·波特与凤凰社,大卫·叶茨 David Yates,奇幻/冒险,英国/美国,2007,8.5,557448人评价,https://movie.douban.com/subject/1457217/
香水,汤姆·提克威 Tom Tykwer,剧情/犯罪/奇幻,德国/法国/西班牙/美国/比利时,2006,8.5,539476人评价,https://movie.douban.com/subject/1760622/
穿越时空的少女,细田守 Mamoru Hosoda,剧情/爱情/科幻/动画,日本,2006,8.6,378355人评价,https://movie.douban.com/subject/1937946/
海洋,雅克·贝汉 Jacques Perrin / 雅克·克鲁奥德 Jacques Cluzaud,纪录片,法国/瑞士/西班牙/美国/阿联酋/摩纳哥,2009,9.1,155598人评价,https://movie.douban.com/subject/3443389/
肖申克的救赎,弗兰克·德拉邦特 Frank Darabont,犯罪/剧情,美国,1994,9.7,2868936人评价,https://movie.douban.com/subject/1292052/
霸王别姬,陈凯歌 Kaige Chen,剧情/爱情/同性,中国大陆/中国香港,1993,9.6,2120007人评价,https://movie.douban.com/subject/1291546/
阿甘正传,罗伯特·泽米吉斯 Robert Zemeckis,剧情/爱情,美国,1994,9.5,2141450人评价,https://movie.douban.com/subject/1292720/
泰坦尼克号,詹姆斯·卡梅隆 James Cameron,剧情/爱情/灾难,美国/墨西哥,1997,9.5,2167041人评价,https://movie.douban.com/subject/1292722/
肖申克的救赎,弗兰克·德拉邦特 Frank Darabont,犯罪/剧情,美国,1994,9.7,3077675人评价,https://movie.douban.com/subject/1292052/
霸王别姬,陈凯歌 Kaige Chen,剧情/爱情/同性,中国大陆/中国香港,1993,9.6,2272279人评价,https://movie.douban.com/subject/1291546/
阿甘正传,罗伯特·泽米吉斯 Robert Zemeckis,剧情/爱情,美国,1994,9.5,2291566人评价,https://movie.douban.com/subject/1292720/
泰坦尼克号,詹姆斯·卡梅隆 James Cameron,剧情/爱情/灾难,美国/墨西哥,1997,9.5,2331805人评价,https://movie.douban.com/subject/1292722/
千与千寻,宫崎骏 Hayao Miyazaki,剧情/动画/奇幻,日本,2001,9.4,2380325人评价,https://movie.douban.com/subject/1291561/
美丽人生,罗伯托·贝尼尼 Roberto Benigni,剧情/喜剧/爱情/战争,意大利,1997,9.5,1400738人评价,https://movie.douban.com/subject/1292063/
这个杀手不太冷,吕克·贝松 Luc Besson,剧情/动作/犯罪,法国/美国,1994,9.4,2411593人评价,https://movie.douban.com/subject/1295644/
星际穿越,克里斯托弗·诺兰 Christopher Nolan,剧情/科幻/冒险,美国/英国/加拿大,2014,9.4,2003141人评价,https://movie.douban.com/subject/1889243/
盗梦空间,克里斯托弗·诺兰 Christopher Nolan,剧情/科幻/悬疑/冒险,美国/英国,2010,9.4,2192075人评价,https://movie.douban.com/subject/3541415/
楚门的世界,彼得·威尔 Peter Weir,剧情/科幻,美国,1998,9.4,1860823人评价,https://movie.douban.com/subject/1292064/
辛德勒的名单,史蒂文·斯皮尔伯格 Steven Spielberg,剧情/历史/战争,美国,1993,9.5,1184440人评价,https://movie.douban.com/subject/1295124/
忠犬八公的故事,莱塞·霍尔斯道姆 Lasse Hallström,剧情,美国/英国,2009,9.4,1466207人评价,https://movie.douban.com/subject/3011091/
海上钢琴师,朱塞佩·托纳多雷 Giuseppe Tornatore,剧情/音乐,意大利,1998,9.3,1769527人评价,https://movie.douban.com/subject/1292001/
三傻大闹宝莱坞,拉库马·希拉尼 Rajkumar Hirani,剧情/喜剧/爱情/歌舞,印度,2009,9.2,1962565人评价,https://movie.douban.com/subject/3793023/
放牛班的春天,克里斯托夫·巴拉蒂 Christophe Barratier,剧情/音乐,法国/瑞士/德国,2004,9.3,1391798人评价,https://movie.douban.com/subject/1291549/
机器人总动员,安德鲁·斯坦顿 Andrew Stanton,科幻/动画/冒险,美国,2008,9.3,1396877人评价,https://movie.douban.com/subject/2131459/
疯狂动物城,拜伦·霍华德 Byron Howard / 瑞奇·摩尔 Rich Moore,喜剧/动画/冒险,美国,2016,9.2,2089339人评价,https://movie.douban.com/subject/25662329/
无间道,刘伟强 / 麦兆辉,剧情/犯罪/惊悚,中国香港,2002,9.3,1463405人评价,https://movie.douban.com/subject/1307914/
控方证人,比利·怀尔德 Billy Wilder,剧情/犯罪/悬疑/惊悚,美国,1957,9.6,636934人评价,https://movie.douban.com/subject/1296141/
肖申克的救赎,弗兰克·德拉邦特 Frank Darabont,犯罪/剧情,美国,1994,9.7,3077675人评价,https://movie.douban.com/subject/1292052/
霸王别姬,陈凯歌 Kaige Chen,剧情/爱情/同性,中国大陆/中国香港,1993,9.6,2272279人评价,https://movie.douban.com/subject/1291546/
阿甘正传,罗伯特·泽米吉斯 Robert Zemeckis,剧情/爱情,美国,1994,9.5,2291566人评价,https://movie.douban.com/subject/1292720/
泰坦尼克号,詹姆斯·卡梅隆 James Cameron,剧情/爱情/灾难,美国/墨西哥,1997,9.5,2331805人评价,https://movie.douban.com/subject/1292722/
千与千寻,宫崎骏 Hayao Miyazaki,剧情/动画/奇幻,日本,2001,9.4,2380325人评价,https://movie.douban.com/subject/1291561/
美丽人生,罗伯托·贝尼尼 Roberto Benigni,剧情/喜剧/爱情/战争,意大利,1997,9.5,1400738人评价,https://movie.douban.com/subject/1292063/
这个杀手不太冷,吕克·贝松 Luc Besson,剧情/动作/犯罪,法国/美国,1994,9.4,2411593人评价,https://movie.douban.com/subject/1295644/
星际穿越,克里斯托弗·诺兰 Christopher Nolan,剧情/科幻/冒险,美国/英国/加拿大,2014,9.4,2003156人评价,https://movie.douban.com/subject/1889243/
盗梦空间,克里斯托弗·诺兰 Christopher Nolan,剧情/科幻/悬疑/冒险,美国/英国,2010,9.4,2192075人评价,https://movie.douban.com/subject/3541415/
楚门的世界,彼得·威尔 Peter Weir,剧情/科幻,美国,1998,9.4,1860823人评价,https://movie.douban.com/subject/1292064/
辛德勒的名单,史蒂文·斯皮尔伯格 Steven Spielberg,剧情/历史/战争,美国,1993,9.5,1184440人评价,https://movie.douban.com/subject/1295124/
忠犬八公的故事,莱塞·霍尔斯道姆 Lasse Hallström,剧情,美国/英国,2009,9.4,1466207人评价,https://movie.douban.com/subject/3011091/
海上钢琴师,朱塞佩·托纳多雷 Giuseppe Tornatore,剧情/音乐,意大利,1998,9.3,1769527人评价,https://movie.douban.com/subject/1292001/
三傻大闹宝莱坞,拉库马·希拉尼 Rajkumar Hirani,剧情/喜剧/爱情/歌舞,印度,2009,9.2,1962565人评价,https://movie.douban.com/subject/3793023/
放牛班的春天,克里斯托夫·巴拉蒂 Christophe Barratier,剧情/音乐,法国/瑞士/德国,2004,9.3,1391798人评价,https://movie.douban.com/subject/1291549/
机器人总动员,安德鲁·斯坦顿 Andrew Stanton,科幻/动画/冒险,美国,2008,9.3,1396877人评价,https://movie.douban.com/subject/2131459/
疯狂动物城,拜伦·霍华德 Byron Howard / 瑞奇·摩尔 Rich Moore,喜剧/动画/冒险,美国,2016,9.2,2089339人评价,https://movie.douban.com/subject/25662329/
无间道,刘伟强 / 麦兆辉,剧情/犯罪/惊悚,中国香港,2002,9.3,1463405人评价,https://movie.douban.com/subject/1307914/
控方证人,比利·怀尔德 Billy Wilder,剧情/犯罪/悬疑/惊悚,美国,1957,9.6,636934人评价,https://movie.douban.com/subject/1296141/
